{
  "parent": "minecraft:recipes/root",
  "criteria": {
    "has_bedrock": {
      "conditions": {
        "items": [
          {
            "items": "minecraft:bedrock"
          }
        ]
      },
      "trigger": "minecraft:inventory_changed"
    },
    "has_the_recipe": {
      "conditions": {
        "recipe": "minecraft:ender_eye"
      },
      "trigger": "minecraft:recipe_unlocked"
    }
  },
  "requirements": [
    [
      "has_the_recipe",
      "has_bedrock"
    ]
  ],
  "rewards": {
    "recipes": [
      "minecraft:ender_eye"
    ]
  }
}